{"cameraMode":{"drawMode":2,"name":"Shaded Wireframe","section":"Shading Mode"},"sceneLighting":true,"audioPlay":false,"sceneViewState":{"showFog":true,"showMaterialUpdate":false,"showSkybox":true,"showFlares":true,"showImageEffects":true,"showParticleSystems":true},"in2DMode":false,"pivot":{"x":12.302596092224121,"y":4.16450309753418,"z":3.9327735900878908},"rotation":{"x":-0.4797484278678894,"y":-0.009212439879775048,"z":0.005037552677094936,"w":-0.8773432970046997},"size":20.665325164794923,"orthographic":false}