{"cameraMode":{"drawMode":0,"name":"Shaded","section":"Shading Mode"},"sceneLighting":true,"audioPlay":false,"sceneViewState":{"showFog":true,"showMaterialUpdate":false,"showSkybox":true,"showFlares":true,"showImageEffects":true,"showParticleSystems":true},"in2DMode":false,"pivot":{"x":6.538534164428711,"y":2.340522050857544,"z":7.139028072357178},"rotation":{"x":0.008396442979574204,"y":-0.016499469056725503,"z":0.00013902914361096919,"w":0.9998286366462708},"size":8.738019943237305,"orthographic":false}