{"cameraMode":{"drawMode":0,"name":"Shaded","section":"Shading Mode"},"sceneLighting":true,"audioPlay":false,"sceneViewState":{"showFog":true,"showMaterialUpdate":false,"showSkybox":true,"showFlares":true,"showImageEffects":true,"showParticleSystems":true},"in2DMode":false,"pivot":{"x":13.164632797241211,"y":8.328371047973633,"z":-1.7459536790847779},"rotation":{"x":0.3114199936389923,"y":0.5908440947532654,"z":-0.2644922435283661,"w":0.695675790309906},"size":10.239311218261719,"orthographic":false}