{"cameraMode":{"drawMode":0,"name":"Shaded","section":"Shading Mode"},"sceneLighting":true,"audioPlay":false,"sceneViewState":{"showFog":true,"showMaterialUpdate":false,"showSkybox":true,"showFlares":true,"showImageEffects":true,"showParticleSystems":true},"in2DMode":false,"pivot":{"x":6.18887186050415,"y":2.370094060897827,"z":0.9469051957130432},"rotation":{"x":0.11298248171806336,"y":0.055981289595365527,"z":-0.006374548189342022,"w":0.9919981956481934},"size":1.9604840278625489,"orthographic":false}