{"cameraMode":{"drawMode":0,"name":"Shaded","section":"Shading Mode"},"sceneLighting":true,"audioPlay":false,"sceneViewState":{"showFog":true,"showMaterialUpdate":false,"showSkybox":true,"showFlares":true,"showImageEffects":true,"showParticleSystems":true},"in2DMode":false,"pivot":{"x":-27.82069206237793,"y":7.642609119415283,"z":-1.5173492431640626},"rotation":{"x":-0.19007059931755067,"y":-0.6974599957466126,"z":0.20048502087593079,"w":-0.661232590675354},"size":0.5238727331161499,"orthographic":false}