{"cameraMode":{"drawMode":2,"name":"Shaded Wireframe","section":"Shading Mode"},"sceneLighting":true,"audioPlay":false,"sceneViewState":{"showFog":true,"showMaterialUpdate":false,"showSkybox":true,"showFlares":true,"showImageEffects":true,"showParticleSystems":true},"in2DMode":false,"pivot":{"x":2.14894962310791,"y":8.250442504882813,"z":-6.653423309326172},"rotation":{"x":-0.5034422874450684,"y":0.49654456973075869,"z":-0.5025392174720764,"w":-0.4974372088909149},"size":17.726221084594728,"orthographic":false}