{"cameraMode":{"drawMode":0,"name":"Shaded","section":"Shading Mode"},"sceneLighting":true,"audioPlay":false,"sceneViewState":{"showFog":true,"showMaterialUpdate":false,"showSkybox":true,"showFlares":true,"showImageEffects":true,"showParticleSystems":true},"in2DMode":false,"pivot":{"x":18.012142181396486,"y":2.1475634574890138,"z":7.991133213043213},"rotation":{"x":0.022780312225222589,"y":0.739988386631012,"z":-0.025093134492635728,"w":0.6717653870582581},"size":6.401044845581055,"orthographic":false}